url,title,datetime,artist,tag,link
/static/content/thumbnails/adrix.webp,Adrix,2022-06-01,Onicide,Thumbnail,/static/content/adrix.png
/static/content/thumbnails/arzock.webp,Arzock,2022-06-01,Onicide,Thumbnail,/static/content/arzock.png
/static/content/thumbnails/bacon-pancakes.webp,Bacon Pancakes,2021-01-01,Onicide,Thumbnail,/static/content/bacon-pancakes.png
/static/content/thumbnails/bacon-sip.webp,Bacon Sip,2023-01-01,Onicide,Thumbnail,/static/content/bacon-sip.png
/static/content/thumbnails/battlin.webp,Battlin,2021-06-01,Onicide,Thumbnail,/static/content/battlin.png
/static/content/thumbnails/bridget-bonewheel.webp,Bridget Bonewheel,2023-06-01,Onicide,Thumbnail,/static/content/bridget-bonewheel.png
/static/content/thumbnails/ghostface.webp,Ghostface,2021-12-01,Onicide,Thumbnail,/static/content/ghostface.png
/static/content/thumbnails/gojo.webp,Gojo,2024-07-01,Onicide,Thumbnail,/static/content/gojo.png
/static/content/thumbnails/machado.webp,Machado,2021-12-01,Onicide,Thumbnail,/static/content/machado.png
/static/content/thumbnails/moon-presence.webp,Moon Presence,2022-07-01,Onicide,Thumbnail,/static/content/moon-presence.png
/static/content/thumbnails/oniboy.webp,Oniboy,2022-11-01,Onicide,Thumbnail,/static/content/oniboy.png
/static/content/thumbnails/oni-wallpaper22.webp,Wallpaper 2022,2022-02-01,Onicide,Thumbnail,/static/content/oni-wallpaper22.png
/static/content/thumbnails/oni-wallpaper24.webp,Wallpaper 2024,2024-07-01,Onicide,Thumbnail,/static/content/oni-wallpaper24.png
/static/content/thumbnails/dark-hand-opm.webp,Dark Hand OPM,2022-06-01,Onicide,Thumbnail,/static/content/dark-hand-opm.png
/static/content/thumbnails/ravelia.webp,Ravelia,2023-01-01,Onicide,Thumbnail,/static/content/ravelia.png
/static/content/thumbnails/ryoshu.webp,Ryoshu,2024-06-01,Onicide,Thumbnail,/static/content/ryoshu.png
/static/content/thumbnails/saikrai-stand.webp,Saikrai Stand,2023-01-01,Onicide,Thumbnail,/static/content/saikrai-stand.png
/static/content/thumbnails/succubus-and-frog.webp,The Succubus and the Frog,2023-12-01,Onicide,Thumbnail,/static/content/succubus-and-frog.png
/static/content/thumbnails/chad-bot.webp,Chad Bot,2023-04-01,Onicide,Thumbnail,/static/content/chad-bot.png
/static/content/thumbnails/tocco-banner.webp,Tocco's Banner,2024-02-01,Onicide,Thumbnail,/static/content/tocco-banner.png
/static/content/thumbnails/tocco-thumbnail.webp,Tocco's Thumbnail,2024-04-01,Onicide,Thumbnail,/static/content/tocco-thumbnail.png